Object_ID,Area,Centroid_X,Centroid_Y,Aspect_Ratio,Average_Color,Label
0,12.0,1357,1362,0.8,[13.1846136  53.98857672 91.91496251],Matched Object
1,65.5,1354,1331,1.6666666666666667,[13.1846136  53.98857672 91.91496251],Matched Object
2,17.5,898,1297,2.0,[13.1846136  53.98857672 91.91496251],Matched Object
3,12.5,961,1281,1.0,[13.1846136  53.98857672 91.91496251],Matched Object
4,0.0,0,0,0.3333333333333333,[13.1846136  53.98857672 91.91496251],Matched Object
5,0.0,0,0,3.0,[13.1846136  53.98857672 91.91496251],Matched Object
6,3.5,1070,1275,1.0,[13.1846136  53.98857672 91.91496251],Matched Object
7,0.0,0,0,3.0,[13.1846136  53.98857672 91.91496251],Matched Object
8,53.0,1017,1269,0.5714285714285714,[13.1846136  53.98857672 91.91496251],Matched Object
9,174.0,973,1269,0.7,[13.1846136  53.98857672 91.91496251],Matched Object
10,89.0,1028,1264,1.4166666666666667,[13.1846136  53.98857672 91.91496251],Matched Object
11,0.0,0,0,1.0,[13.1846136  53.98857672 91.91496251],Matched Object
12,18.0,405,1258,0.875,[13.1846136  53.98857672 91.91496251],Matched Object
13,0.0,0,0,2.0,[13.1846136  53.98857672 91.91496251],Matched Object
14,15.5,386,1254,1.1428571428571428,[13.1846136  53.98857672 91.91496251],Matched Object
15,0.5,378,1250,1.0,[13.1846136  53.98857672 91.91496251],Matched Object
16,13.0,942,1255,0.14285714285714285,[13.1846136  53.98857672 91.91496251],Matched Object
17,44.5,929,1255,0.25,[13.1846136  53.98857672 91.91496251],Matched Object
18,0.0,0,0,3.0,[13.1846136  53.98857672 91.91496251],Matched Object
19,3.5,1091,1247,1.0,[13.1846136  53.98857672 91.91496251],Matched Object
20,0.0,0,0,2.0,[13.1846136  53.98857672 91.91496251],Matched Object
21,2.5,1056,1246,1.0,[13.1846136  53.98857672 91.91496251],Matched Object
22,0.0,0,0,1.0,[13.1846136  53.98857672 91.91496251],Matched Object
23,3.0,373,1245,0.75,[13.1846136  53.98857672 91.91496251],Matched Object
24,0.0,0,0,0.5,[13.1846136  53.98857672 91.91496251],Matched Object
25,0.0,0,0,1.0,[13.1846136  53.98857672 91.91496251],Matched Object
26,0.0,0,0,1.0,[13.1846136  53.98857672 91.91496251],Matched Object
27,8.0,381,1238,1.2,[13.1846136  53.98857672 91.91496251],Matched Object
28,0.0,0,0,1.0,[13.1846136  53.98857672 91.91496251],Matched Object
29,0.0,0,0,1.0,[13.1846136  53.98857672 91.91496251],Matched Object
30,0.0,0,0,1.0,[13.1846136  53.98857672 91.91496251],Matched Object
31,47.0,1071,1234,2.3333333333333335,[13.1846136  53.98857672 91.91496251],Matched Object
32,312.0,959,1251,0.5454545454545454,[13.1846136  53.98857672 91.91496251],Matched Object
33,66.5,412,1245,0.6296296296296297,[13.1846136  53.98857672 91.91496251],Matched Object
34,0.0,0,0,0.5,[13.1846136  53.98857672 91.91496251],Matched Object
35,0.0,0,0,2.0,[13.1846136  53.98857672 91.91496251],Matched Object
36,16.0,1026,1228,1.0,[13.1846136  53.98857672 91.91496251],Matched Object
37,15.0,413,1227,0.75,[13.1846136  53.98857672 91.91496251],Matched Object
38,0.0,0,0,2.0,[13.1846136  53.98857672 91.91496251],Matched Object
39,0.0,0,0,1.0,[13.1846136  53.98857672 91.91496251],Matched Object
40,0.0,0,0,1.0,[13.1846136  53.98857672 91.91496251],Matched Object
41,0.0,0,0,1.0,[13.1846136  53.98857672 91.91496251],Matched Object
42,0.0,0,0,0.3333333333333333,[13.1846136  53.98857672 91.91496251],Matched Object
43,0.0,0,0,1.0,[13.1846136  53.98857672 91.91496251],Matched Object
44,0.0,0,0,1.0,[13.1846136  53.98857672 91.91496251],Matched Object
45,35.5,1053,1215,0.5833333333333334,[13.1846136  53.98857672 91.91496251],Matched Object
46,0.0,0,0,1.0,[13.1846136  53.98857672 91.91496251],Matched Object
47,0.0,0,0,1.0,[13.1846136  53.98857672 91.91496251],Matched Object
48,0.0,0,0,1.0,[13.1846136  53.98857672 91.91496251],Matched Object
49,99.0,394,1217,1.4,[13.1846136  53.98857672 91.91496251],Matched Object
50,6.0,977,1197,0.8,[13.1846136  53.98857672 91.91496251],Matched Object
51,17.0,1292,1193,0.8888888888888888,[13.1846136  53.98857672 91.91496251],Matched Object
52,115.5,1031,1194,1.6,[13.1846136  53.98857672 91.91496251],Matched Object
53,7500.5,881,1248,1.051094890510949,[13.1846136  53.98857672 91.91496251],Matched Object
54,21.5,1042,1186,1.0,[13.1846136  53.98857672 91.91496251],Matched Object
55,919.0,961,1203,0.7666666666666667,[13.1846136  53.98857672 91.91496251],Matched Object
56,5.0,930,1166,2.0,[13.1846136  53.98857672 91.91496251],Matched Object
57,0.0,0,0,1.0,[13.1846136  53.98857672 91.91496251],Matched Object
58,56.5,1310,1179,0.15151515151515152,[13.1846136  53.98857672 91.91496251],Matched Object
59,4391.0,1116,1196,1.1326530612244898,[13.1846136  53.98857672 91.91496251],Matched Object
60,6.0,1313,1149,0.25,[13.1846136  53.98857672 91.91496251],Matched Object
61,0.0,0,0,1.0,[13.1846136  53.98857672 91.91496251],Matched Object
62,0.0,0,0,1.0,[13.1846136  53.98857672 91.91496251],Matched Object
63,1.0,1314,1136,0.2,[13.1846136  53.98857672 91.91496251],Matched Object
64,0.5,148,1128,1.0,[13.1846136  53.98857672 91.91496251],Matched Object
65,49.0,136,1130,2.2857142857142856,[13.1846136  53.98857672 91.91496251],Matched Object
66,218.0,104,1129,1.8,[13.1846136  53.98857672 91.91496251],Matched Object
67,2.0,1316,1117,0.2222222222222222,[13.1846136  53.98857672 91.91496251],Matched Object
68,88.0,387,1102,1.25,[13.1846136  53.98857672 91.91496251],Matched Object
69,68.0,596,1095,2.25,[13.1846136  53.98857672 91.91496251],Matched Object
70,9.0,361,1089,1.0,[13.1846136  53.98857672 91.91496251],Matched Object
71,6.5,365,1085,1.0,[13.1846136  53.98857672 91.91496251],Matched Object
72,7.0,1319,1090,0.11538461538461539,[13.1846136  53.98857672 91.91496251],Matched Object
73,0.0,0,0,1.0,[13.1846136  53.98857672 91.91496251],Matched Object
74,0.0,0,0,0.5,[13.1846136  53.98857672 91.91496251],Matched Object
75,5.0,353,1074,1.3333333333333333,[13.1846136  53.98857672 91.91496251],Matched Object
76,0.0,0,0,0.5,[13.1846136  53.98857672 91.91496251],Matched Object
77,14.0,1318,1073,0.3333333333333333,[13.1846136  53.98857672 91.91496251],Matched Object
78,1577.0,429,1093,2.022727272727273,[13.1846136  53.98857672 91.91496251],Matched Object
79,52.5,563,1069,1.5555555555555556,[13.1846136  53.98857672 91.91496251],Matched Object
80,77.0,1010,1064,0.5,[13.1846136  53.98857672 91.91496251],Matched Object
81,0.5,1150,1050,1.0,[13.1846136  53.98857672 91.91496251],Matched Object
82,0.0,0,0,0.5,[13.1846136  53.98857672 91.91496251],Matched Object
83,0.0,0,0,1.0,[13.1846136  53.98857672 91.91496251],Matched Object
84,0.0,0,0,1.0,[13.1846136  53.98857672 91.91496251],Matched Object
85,0.0,0,0,1.0,[13.1846136  53.98857672 91.91496251],Matched Object
86,0.0,0,0,1.0,[13.1846136  53.98857672 91.91496251],Matched Object
87,0.0,0,0,0.5,[13.1846136  53.98857672 91.91496251],Matched Object
88,3.5,632,1032,1.0,[13.1846136  53.98857672 91.91496251],Matched Object
89,0.0,0,0,0.5,[13.1846136  53.98857672 91.91496251],Matched Object
90,640.5,510,1047,1.1142857142857143,[13.1846136  53.98857672 91.91496251],Matched Object
91,0.0,0,0,1.0,[13.1846136  53.98857672 91.91496251],Matched Object
92,1.0,476,1024,1.5,[13.1846136  53.98857672 91.91496251],Matched Object
93,0.5,1328,1019,0.4,[13.1846136  53.98857672 91.91496251],Matched Object
94,0.0,0,0,1.0,[13.1846136  53.98857672 91.91496251],Matched Object
95,1.0,480,1020,0.6666666666666666,[13.1846136  53.98857672 91.91496251],Matched Object
96,12.5,605,1020,0.75,[13.1846136  53.98857672 91.91496251],Matched Object
97,12.5,610,1010,1.2,[13.1846136  53.98857672 91.91496251],Matched Object
98,0.0,0,0,1.0,[13.1846136  53.98857672 91.91496251],Matched Object
99,0.0,0,0,1.0,[13.1846136  53.98857672 91.91496251],Matched Object
100,0.5,973,990,1.5,[13.1846136  53.98857672 91.91496251],Matched Object
101,0.0,0,0,1.0,[13.1846136  53.98857672 91.91496251],Matched Object
102,11.5,1325,989,0.21428571428571427,[13.1846136  53.98857672 91.91496251],Matched Object
103,5.0,488,984,0.6,[13.1846136  53.98857672 91.91496251],Matched Object
104,2925.5,383,1015,1.8596491228070176,[13.1846136  53.98857672 91.91496251],Matched Object
105,0.0,0,0,0.5,[13.1846136  53.98857672 91.91496251],Matched Object
106,0.0,0,0,1.0,[13.1846136  53.98857672 91.91496251],Matched Object
107,12.5,645,978,0.6666666666666666,[13.1846136  53.98857672 91.91496251],Matched Object
108,0.0,0,0,0.16666666666666666,[13.1846136  53.98857672 91.91496251],Matched Object
109,19.0,613,967,2.75,[13.1846136  53.98857672 91.91496251],Matched Object
110,0.0,0,0,1.0,[13.1846136  53.98857672 91.91496251],Matched Object
111,2.5,109,963,1.0,[13.1846136  53.98857672 91.91496251],Matched Object
112,16.5,1212,962,0.8333333333333334,[13.1846136  53.98857672 91.91496251],Matched Object
113,7.5,1209,965,0.9,[13.1846136  53.98857672 91.91496251],Matched Object
114,0.0,0,0,0.5,[13.1846136  53.98857672 91.91496251],Matched Object
115,827.5,515,981,0.6724137931034483,[13.1846136  53.98857672 91.91496251],Matched Object
116,0.0,0,0,1.0,[13.1846136  53.98857672 91.91496251],Matched Object
117,222.0,1123,976,0.5454545454545454,[13.1846136  53.98857672 91.91496251],Matched Object
118,0.0,0,0,1.0,[13.1846136  53.98857672 91.91496251],Matched Object
119,18.5,1106,957,1.0,[13.1846136  53.98857672 91.91496251],Matched Object
120,9.0,509,956,0.6666666666666666,[13.1846136  53.98857672 91.91496251],Matched Object
121,0.0,0,0,1.0,[13.1846136  53.98857672 91.91496251],Matched Object
122,0.0,0,0,0.3333333333333333,[13.1846136  53.98857672 91.91496251],Matched Object
123,13.5,1202,946,1.25,[13.1846136  53.98857672 91.91496251],Matched Object
124,42.0,759,947,0.8888888888888888,[13.1846136  53.98857672 91.91496251],Matched Object
125,3.5,432,941,0.75,[13.1846136  53.98857672 91.91496251],Matched Object
126,11.5,1127,941,0.8333333333333334,[13.1846136  53.98857672 91.91496251],Matched Object
127,0.0,0,0,0.3333333333333333,[13.1846136  53.98857672 91.91496251],Matched Object
128,0.5,1202,934,1.5,[13.1846136  53.98857672 91.91496251],Matched Object
129,25.0,1121,938,0.4,[13.1846136  53.98857672 91.91496251],Matched Object
130,825.5,1153,957,0.9508196721311475,[13.1846136  53.98857672 91.91496251],Matched Object
131,8.5,545,930,0.8,[13.1846136  53.98857672 91.91496251],Matched Object
132,8.5,957,929,1.0,[13.1846136  53.98857672 91.91496251],Matched Object
133,29.5,929,932,0.5333333333333333,[13.1846136  53.98857672 91.91496251],Matched Object
134,0.0,0,0,0.3333333333333333,[13.1846136  53.98857672 91.91496251],Matched Object
135,0.0,0,0,0.3333333333333333,[13.1846136  53.98857672 91.91496251],Matched Object
136,0.0,0,0,2.0,[13.1846136  53.98857672 91.91496251],Matched Object
137,177.0,742,913,0.7368421052631579,[13.1846136  53.98857672 91.91496251],Matched Object
138,71.5,395,907,1.2,[13.1846136  53.98857672 91.91496251],Matched Object
139,10.0,945,897,1.5,[13.1846136  53.98857672 91.91496251],Matched Object
140,4.0,737,897,1.0,[13.1846136  53.98857672 91.91496251],Matched Object
141,0.0,0,0,0.3333333333333333,[13.1846136  53.98857672 91.91496251],Matched Object
142,119.5,370,902,1.3571428571428572,[13.1846136  53.98857672 91.91496251],Matched Object
143,65.0,343,892,2.3333333333333335,[13.1846136  53.98857672 91.91496251],Matched Object
144,163.0,751,897,1.0,[13.1846136  53.98857672 91.91496251],Matched Object
145,0.0,0,0,0.14285714285714285,[13.1846136  53.98857672 91.91496251],Matched Object
146,0.0,0,0,1.0,[13.1846136  53.98857672 91.91496251],Matched Object
147,1508.5,816,907,0.8275862068965517,[13.1846136  53.98857672 91.91496251],Matched Object
148,2.5,765,880,0.75,[13.1846136  53.98857672 91.91496251],Matched Object
149,0.0,0,0,1.0,[13.1846136  53.98857672 91.91496251],Matched Object
150,2.5,401,877,0.8,[13.1846136  53.98857672 91.91496251],Matched Object
151,0.0,0,0,1.0,[13.1846136  53.98857672 91.91496251],Matched Object
152,6.0,640,875,0.25,[13.1846136  53.98857672 91.91496251],Matched Object
153,0.0,0,0,1.0,[13.1846136  53.98857672 91.91496251],Matched Object
154,2.0,700,870,0.375,[13.1846136  53.98857672 91.91496251],Matched Object
155,70.0,388,870,1.0,[13.1846136  53.98857672 91.91496251],Matched Object
156,236.0,786,870,1.4736842105263157,[13.1846136  53.98857672 91.91496251],Matched Object
157,127.5,362,861,0.7222222222222222,[13.1846136  53.98857672 91.91496251],Matched Object
158,0.0,0,0,1.0,[13.1846136  53.98857672 91.91496251],Matched Object
159,0.0,0,0,1.0,[13.1846136  53.98857672 91.91496251],Matched Object
160,3.0,712,836,0.7142857142857143,[13.1846136  53.98857672 91.91496251],Matched Object
161,34.5,364,835,1.0,[13.1846136  53.98857672 91.91496251],Matched Object
162,25.5,396,834,0.8888888888888888,[13.1846136  53.98857672 91.91496251],Matched Object
163,6.5,1138,829,1.5,[13.1846136  53.98857672 91.91496251],Matched Object
164,6.0,461,829,0.75,[13.1846136  53.98857672 91.91496251],Matched Object
165,0.0,0,0,1.0,[13.1846136  53.98857672 91.91496251],Matched Object
166,0.0,0,0,1.0,[13.1846136  53.98857672 91.91496251],Matched Object
167,28.0,423,827,0.75,[13.1846136  53.98857672 91.91496251],Matched Object
168,0.0,0,0,1.0,[13.1846136  53.98857672 91.91496251],Matched Object
169,0.0,0,0,1.0,[13.1846136  53.98857672 91.91496251],Matched Object
170,0.0,0,0,1.0,[13.1846136  53.98857672 91.91496251],Matched Object
171,0.0,0,0,0.5,[13.1846136  53.98857672 91.91496251],Matched Object
172,2.0,730,812,1.0,[13.1846136  53.98857672 91.91496251],Matched Object
173,0.0,0,0,1.0,[13.1846136  53.98857672 91.91496251],Matched Object
174,0.0,0,0,1.0,[13.1846136  53.98857672 91.91496251],Matched Object
175,56.5,413,811,1.0,[13.1846136  53.98857672 91.91496251],Matched Object
176,0.0,0,0,2.0,[13.1846136  53.98857672 91.91496251],Matched Object
177,2.5,509,800,0.5,[13.1846136  53.98857672 91.91496251],Matched Object
178,23.5,434,802,0.75,[13.1846136  53.98857672 91.91496251],Matched Object
179,8.5,401,800,1.0,[13.1846136  53.98857672 91.91496251],Matched Object
180,0.0,0,0,2.0,[13.1846136  53.98857672 91.91496251],Matched Object
181,0.0,0,0,1.0,[13.1846136  53.98857672 91.91496251],Matched Object
182,0.0,0,0,1.0,[13.1846136  53.98857672 91.91496251],Matched Object
183,14754.0,557,862,1.3581081081081081,[13.1846136  53.98857672 91.91496251],No Match
184,0.0,0,0,1.0,[13.1846136  53.98857672 91.91496251],Matched Object
185,0.0,0,0,0.5,[13.1846136  53.98857672 91.91496251],Matched Object
186,0.0,0,0,1.0,[13.1846136  53.98857672 91.91496251],Matched Object
187,21.0,551,784,3.2,[13.1846136  53.98857672 91.91496251],Matched Object
188,10.5,445,781,1.5,[13.1846136  53.98857672 91.91496251],Matched Object
189,0.0,0,0,0.5,[13.1846136  53.98857672 91.91496251],Matched Object
190,0.0,0,0,0.5,[13.1846136  53.98857672 91.91496251],Matched Object
191,0.5,804,770,1.3333333333333333,[13.1846136  53.98857672 91.91496251],Matched Object
192,29825.0,1226,908,0.7457044673539519,[13.1846136  53.98857672 91.91496251],No Match
193,37586.0,933,860,1.306896551724138,[13.1846136  53.98857672 91.91496251],No Match
194,0.0,0,0,2.0,[13.1846136  53.98857672 91.91496251],Matched Object
195,0.0,0,0,1.0,[13.1846136  53.98857672 91.91496251],Matched Object
196,0.0,0,0,1.0,[13.1846136  53.98857672 91.91496251],Matched Object
197,0.0,0,0,1.0,[13.1846136  53.98857672 91.91496251],Matched Object
198,0.0,0,0,1.0,[13.1846136  53.98857672 91.91496251],Matched Object
199,0.0,0,0,1.0,[13.1846136  53.98857672 91.91496251],Matched Object
200,0.0,0,0,1.0,[13.1846136  53.98857672 91.91496251],Matched Object
201,0.0,0,0,1.0,[13.1846136  53.98857672 91.91496251],Matched Object
202,0.0,0,0,7.0,[13.1846136  53.98857672 91.91496251],Matched Object
203,7.0,872,763,7.0,[13.1846136  53.98857672 91.91496251],Matched Object
204,0.0,0,0,1.0,[13.1846136  53.98857672 91.91496251],Matched Object
205,0.0,0,0,1.0,[13.1846136  53.98857672 91.91496251],Matched Object
206,0.0,0,0,1.0,[13.1846136  53.98857672 91.91496251],Matched Object
207,0.0,0,0,1.0,[13.1846136  53.98857672 91.91496251],Matched Object
208,0.0,0,0,1.0,[13.1846136  53.98857672 91.91496251],Matched Object
209,0.0,0,0,2.0,[13.1846136  53.98857672 91.91496251],Matched Object
210,2.0,720,763,1.0,[13.1846136  53.98857672 91.91496251],Matched Object
211,4.5,618,762,1.6666666666666667,[13.1846136  53.98857672 91.91496251],Matched Object
212,0.0,0,0,1.0,[13.1846136  53.98857672 91.91496251],Matched Object
213,13.0,627,762,4.25,[13.1846136  53.98857672 91.91496251],Matched Object
214,0.0,0,0,3.0,[13.1846136  53.98857672 91.91496251],Matched Object
215,0.5,607,760,1.5,[13.1846136  53.98857672 91.91496251],Matched Object
216,0.0,0,0,1.0,[13.1846136  53.98857672 91.91496251],Matched Object
217,2.5,602,758,2.0,[13.1846136  53.98857672 91.91496251],Matched Object
218,0.0,0,0,1.0,[13.1846136  53.98857672 91.91496251],Matched Object
219,0.0,0,0,1.0,[13.1846136  53.98857672 91.91496251],Matched Object
220,0.0,0,0,1.0,[13.1846136  53.98857672 91.91496251],Matched Object
221,79.5,652,756,0.6,[13.1846136  53.98857672 91.91496251],Matched Object
222,0.0,0,0,0.5,[13.1846136  53.98857672 91.91496251],Matched Object
223,121.5,741,753,1.588235294117647,[13.1846136  53.98857672 91.91496251],Matched Object
224,25.5,566,746,1.2857142857142858,[13.1846136  53.98857672 91.91496251],Matched Object
225,6.0,765,744,1.8,[13.1846136  53.98857672 91.91496251],Matched Object
226,4.5,749,740,0.5,[13.1846136  53.98857672 91.91496251],Matched Object
227,0.0,0,0,1.0,[13.1846136  53.98857672 91.91496251],Matched Object
228,109.0,616,744,0.6875,[13.1846136  53.98857672 91.91496251],Matched Object
229,61.5,293,741,1.3333333333333333,[13.1846136  53.98857672 91.91496251],Matched Object
230,0.0,0,0,1.0,[13.1846136  53.98857672 91.91496251],Matched Object
231,0.0,0,0,1.0,[13.1846136  53.98857672 91.91496251],Matched Object
232,0.0,0,0,1.0,[13.1846136  53.98857672 91.91496251],Matched Object
233,0.0,0,0,1.0,[13.1846136  53.98857672 91.91496251],Matched Object
234,3.5,561,734,1.6666666666666667,[13.1846136  53.98857672 91.91496251],Matched Object
235,94.0,583,741,0.7916666666666666,[13.1846136  53.98857672 91.91496251],Matched Object
236,5.0,282,728,0.6666666666666666,[13.1846136  53.98857672 91.91496251],Matched Object
237,35.0,615,729,1.0,[13.1846136  53.98857672 91.91496251],Matched Object
238,0.0,0,0,1.0,[13.1846136  53.98857672 91.91496251],Matched Object
239,3.0,787,720,2.3333333333333335,[13.1846136  53.98857672 91.91496251],Matched Object
240,178.0,774,728,0.8888888888888888,[13.1846136  53.98857672 91.91496251],Matched Object
241,102.5,295,725,1.1111111111111112,[13.1846136  53.98857672 91.91496251],Matched Object
242,2.0,289,716,1.0,[13.1846136  53.98857672 91.91496251],Matched Object
243,0.0,0,0,1.0,[13.1846136  53.98857672 91.91496251],Matched Object
244,2.0,794,716,0.6,[13.1846136  53.98857672 91.91496251],Matched Object
245,7.0,801,709,1.0,[13.1846136  53.98857672 91.91496251],Matched Object
246,42.0,780,708,0.7,[13.1846136  53.98857672 91.91496251],Matched Object
247,0.0,0,0,1.0,[13.1846136  53.98857672 91.91496251],Matched Object
248,0.0,0,0,2.0,[13.1846136  53.98857672 91.91496251],Matched Object
249,63.0,9,693,0.8461538461538461,[13.1846136  53.98857672 91.91496251],Matched Object
250,1.0,1250,686,1.5,[13.1846136  53.98857672 91.91496251],Matched Object
251,0.0,0,0,1.0,[13.1846136  53.98857672 91.91496251],Matched Object
252,0.0,0,0,1.0,[13.1846136  53.98857672 91.91496251],Matched Object
253,85.5,786,685,0.6666666666666666,[13.1846136  53.98857672 91.91496251],Matched Object
254,0.0,0,0,1.0,[13.1846136  53.98857672 91.91496251],Matched Object
255,0.0,0,0,1.0,[13.1846136  53.98857672 91.91496251],Matched Object
256,0.0,0,0,1.0,[13.1846136  53.98857672 91.91496251],Matched Object
257,0.0,0,0,0.5,[13.1846136  53.98857672 91.91496251],Matched Object
258,0.0,0,0,0.5,[13.1846136  53.98857672 91.91496251],Matched Object
259,46.0,776,663,1.25,[13.1846136  53.98857672 91.91496251],Matched Object
260,0.0,0,0,0.5,[13.1846136  53.98857672 91.91496251],Matched Object
261,1.0,1107,637,0.25,[13.1846136  53.98857672 91.91496251],Matched Object
262,0.0,0,0,0.5,[13.1846136  53.98857672 91.91496251],Matched Object
263,58.5,819,619,1.0,[13.1846136  53.98857672 91.91496251],Matched Object
264,1.0,1058,592,1.5,[13.1846136  53.98857672 91.91496251],Matched Object
265,0.0,0,0,0.5,[13.1846136  53.98857672 91.91496251],Matched Object
266,1.0,38,562,0.6666666666666666,[13.1846136  53.98857672 91.91496251],Matched Object
267,1610.5,801,600,0.46511627906976744,[13.1846136  53.98857672 91.91496251],Matched Object
268,0.0,0,0,1.0,[13.1846136  53.98857672 91.91496251],Matched Object
269,0.0,0,0,1.0,[13.1846136  53.98857672 91.91496251],Matched Object
270,27.0,13,560,1.25,[13.1846136  53.98857672 91.91496251],Matched Object
271,0.5,11,553,1.0,[13.1846136  53.98857672 91.91496251],Matched Object
272,47.5,804,539,1.0,[13.1846136  53.98857672 91.91496251],Matched Object
273,5.0,1268,528,3.0,[13.1846136  53.98857672 91.91496251],Matched Object
274,0.0,0,0,0.3333333333333333,[13.1846136  53.98857672 91.91496251],Matched Object
275,109.0,1053,508,1.3076923076923077,[13.1846136  53.98857672 91.91496251],Matched Object
276,98.5,1037,502,1.0,[13.1846136  53.98857672 91.91496251],Matched Object
277,331.5,780,499,0.9230769230769231,[13.1846136  53.98857672 91.91496251],Matched Object
278,1.0,1093,485,1.5,[13.1846136  53.98857672 91.91496251],Matched Object
279,0.0,0,0,1.0,[13.1846136  53.98857672 91.91496251],Matched Object
280,3.0,1005,478,2.0,[13.1846136  53.98857672 91.91496251],Matched Object
281,21.0,1092,478,0.8,[13.1846136  53.98857672 91.91496251],Matched Object
282,10.5,1103,466,0.625,[13.1846136  53.98857672 91.91496251],Matched Object
283,0.0,0,0,1.0,[13.1846136  53.98857672 91.91496251],Matched Object
284,5.5,5,451,1.0,[13.1846136  53.98857672 91.91496251],Matched Object
285,26.0,2,457,0.6666666666666666,[13.1846136  53.98857672 91.91496251],Matched Object
286,0.0,0,0,1.0,[13.1846136  53.98857672 91.91496251],Matched Object
287,9.0,690,445,0.8333333333333334,[13.1846136  53.98857672 91.91496251],Matched Object
288,0.0,0,0,2.0,[13.1846136  53.98857672 91.91496251],Matched Object
289,0.0,0,0,1.0,[13.1846136  53.98857672 91.91496251],Matched Object
290,447.0,6,425,0.4634146341463415,[13.1846136  53.98857672 91.91496251],Matched Object
291,13.0,940,403,0.75,[13.1846136  53.98857672 91.91496251],Matched Object
292,39.0,1059,400,1.2222222222222223,[13.1846136  53.98857672 91.91496251],Matched Object
293,0.0,0,0,0.5,[13.1846136  53.98857672 91.91496251],Matched Object
294,0.0,0,0,0.5,[13.1846136  53.98857672 91.91496251],Matched Object
295,21.5,700,363,0.5555555555555556,[13.1846136  53.98857672 91.91496251],Matched Object
296,6.0,861,359,0.75,[13.1846136  53.98857672 91.91496251],Matched Object
297,3.0,678,359,1.6,[13.1846136  53.98857672 91.91496251],Matched Object
298,50.5,1303,364,0.3157894736842105,[13.1846136  53.98857672 91.91496251],Matched Object
299,0.0,0,0,2.0,[13.1846136  53.98857672 91.91496251],Matched Object
300,0.5,910,346,1.0,[13.1846136  53.98857672 91.91496251],Matched Object
301,1.0,1038,345,1.0,[13.1846136  53.98857672 91.91496251],Matched Object
302,0.0,0,0,1.0,[13.1846136  53.98857672 91.91496251],Matched Object
303,0.0,0,0,0.5,[13.1846136  53.98857672 91.91496251],Matched Object
304,0.5,862,330,0.4,[13.1846136  53.98857672 91.91496251],Matched Object
305,300.0,685,343,1.0,[13.1846136  53.98857672 91.91496251],Matched Object
306,0.0,0,0,1.0,[13.1846136  53.98857672 91.91496251],Matched Object
307,13.5,754,284,1.2,[13.1846136  53.98857672 91.91496251],Matched Object
308,0.0,0,0,0.5,[13.1846136  53.98857672 91.91496251],Matched Object
309,30.0,1036,282,0.5,[13.1846136  53.98857672 91.91496251],Matched Object
310,0.5,1177,272,1.0,[13.1846136  53.98857672 91.91496251],Matched Object
311,17.5,754,273,1.2,[13.1846136  53.98857672 91.91496251],Matched Object
312,0.5,1152,269,1.0,[13.1846136  53.98857672 91.91496251],Matched Object
313,0.5,1034,264,1.0,[13.1846136  53.98857672 91.91496251],Matched Object
314,6.5,999,253,1.0,[13.1846136  53.98857672 91.91496251],Matched Object
315,0.0,0,0,1.0,[13.1846136  53.98857672 91.91496251],Matched Object
316,257.0,653,251,0.7254901960784313,[13.1846136  53.98857672 91.91496251],Matched Object
317,0.0,0,0,1.0,[13.1846136  53.98857672 91.91496251],Matched Object
318,0.0,0,0,2.0,[13.1846136  53.98857672 91.91496251],Matched Object
319,0.0,0,0,2.0,[13.1846136  53.98857672 91.91496251],Matched Object
320,11.0,849,224,0.25,[13.1846136  53.98857672 91.91496251],Matched Object
321,0.0,0,0,1.5,[13.1846136  53.98857672 91.91496251],Matched Object
322,0.0,0,0,1.0,[13.1846136  53.98857672 91.91496251],Matched Object
323,0.0,0,0,1.0,[13.1846136  53.98857672 91.91496251],Matched Object
324,0.0,0,0,1.0,[13.1846136  53.98857672 91.91496251],Matched Object
325,0.0,0,0,0.5,[13.1846136  53.98857672 91.91496251],Matched Object
326,3.0,754,206,2.0,[13.1846136  53.98857672 91.91496251],Matched Object
327,16.0,1011,205,2.0,[13.1846136  53.98857672 91.91496251],Matched Object
328,3.0,753,200,1.6666666666666667,[13.1846136  53.98857672 91.91496251],Matched Object
329,139.5,654,200,1.6666666666666667,[13.1846136  53.98857672 91.91496251],Matched Object
330,11.5,635,196,1.125,[13.1846136  53.98857672 91.91496251],Matched Object
331,0.0,0,0,2.0,[13.1846136  53.98857672 91.91496251],Matched Object
332,0.0,0,0,1.0,[13.1846136  53.98857672 91.91496251],Matched Object
333,0.0,0,0,1.0,[13.1846136  53.98857672 91.91496251],Matched Object
334,0.0,0,0,1.0,[13.1846136  53.98857672 91.91496251],Matched Object
335,0.0,0,0,1.0,[13.1846136  53.98857672 91.91496251],Matched Object
336,0.0,0,0,1.0,[13.1846136  53.98857672 91.91496251],Matched Object
337,10395.0,903,290,0.6527777777777778,[13.1846136  53.98857672 91.91496251],Matched Object
338,0.0,0,0,1.0,[13.1846136  53.98857672 91.91496251],Matched Object
339,889.0,772,190,3.6451612903225805,[13.1846136  53.98857672 91.91496251],Matched Object
340,4.0,1095,181,0.16666666666666666,[13.1846136  53.98857672 91.91496251],Matched Object
341,1.0,1010,174,2.0,[13.1846136  53.98857672 91.91496251],Matched Object
342,31.0,330,159,1.0909090909090908,[13.1846136  53.98857672 91.91496251],Matched Object
343,3.0,45,152,0.4,[13.1846136  53.98857672 91.91496251],Matched Object
344,34.5,248,145,4.0,[13.1846136  53.98857672 91.91496251],Matched Object
345,12.0,989,140,1.2,[13.1846136  53.98857672 91.91496251],Matched Object
346,41.0,716,140,1.0,[13.1846136  53.98857672 91.91496251],Matched Object
347,2.0,1133,126,1.5,[13.1846136  53.98857672 91.91496251],Matched Object
348,21.5,2,124,1.3333333333333333,[13.1846136  53.98857672 91.91496251],Matched Object
349,47.0,273,124,0.3333333333333333,[13.1846136  53.98857672 91.91496251],Matched Object
350,5.5,1130,113,0.75,[13.1846136  53.98857672 91.91496251],Matched Object
351,5.0,1137,109,0.75,[13.1846136  53.98857672 91.91496251],Matched Object
352,0.0,0,0,2.0,[13.1846136  53.98857672 91.91496251],Matched Object
353,0.0,0,0,1.0,[13.1846136  53.98857672 91.91496251],Matched Object
354,0.0,0,0,1.0,[13.1846136  53.98857672 91.91496251],Matched Object
355,0.0,0,0,0.5,[13.1846136  53.98857672 91.91496251],Matched Object
356,5.0,221,77,0.5,[13.1846136  53.98857672 91.91496251],Matched Object
357,0.0,0,0,0.4,[13.1846136  53.98857672 91.91496251],Matched Object
358,3.0,734,61,0.5,[13.1846136  53.98857672 91.91496251],Matched Object
359,21.0,568,60,1.1666666666666667,[13.1846136  53.98857672 91.91496251],Matched Object
360,36.5,205,60,0.7777777777777778,[13.1846136  53.98857672 91.91496251],Matched Object
361,0.0,0,0,1.0,[13.1846136  53.98857672 91.91496251],Matched Object
362,16.5,988,34,0.8333333333333334,[13.1846136  53.98857672 91.91496251],Matched Object
363,2261.5,258,70,0.6547619047619048,[13.1846136  53.98857672 91.91496251],Matched Object
364,0.0,0,0,1.0,[13.1846136  53.98857672 91.91496251],Matched Object
365,1.0,216,14,1.0,[13.1846136  53.98857672 91.91496251],Matched Object
366,11.0,634,11,2.0,[13.1846136  53.98857672 91.91496251],Matched Object
367,107.0,226,12,1.0714285714285714,[13.1846136  53.98857672 91.91496251],Matched Object
368,0.5,208,6,1.0,[13.1846136  53.98857672 91.91496251],Matched Object
369,0.0,0,0,2.0,[13.1846136  53.98857672 91.91496251],Matched Object
370,1053565.5,1653,645,0.7706959706959707,[13.1846136  53.98857672 91.91496251],No Match
371,2648.5,1017,33,0.8625,[13.1846136  53.98857672 91.91496251],Matched Object
372,113.5,921,7,0.9333333333333333,[13.1846136  53.98857672 91.91496251],Matched Object
373,14669.0,772,87,0.7922705314009661,[13.1846136  53.98857672 91.91496251],No Match
374,18.0,212,1,1.75,[13.1846136  53.98857672 91.91496251],Matched Object
